project,target,configuration,hash,code,status,start,end
@diamondflow/contracts,build,,4441376333993507923,0,success,1784884382914,1784884384110
@diamondflow/ui,build,,17548080233364336306,0,success,1784884384112,1784884386456
@diamondflow/web,build,,5318833468134811909,1,failure,1784884386458,1784884395451
@diamondflow/contracts,build,,4441376333993507923,0,local-cache-kept-existing,1784884529858,1784884529932
@diamondflow/ui,build,,17548080233364336306,0,local-cache-kept-existing,1784884529982,1784884530036
@diamondflow/web,build,,5318833468134811909,1,failure,1784884530090,1784884535137
@diamondflow/contracts,build,,4441376333993507923,0,local-cache-kept-existing,1784884641032,1784884641102
@diamondflow/ui,build,,17548080233364336306,0,local-cache-kept-existing,1784884641151,1784884641198
@diamondflow/web,build,,4073303660393636101,1,failure,1784884641246,1784884657808
@diamondflow/contracts,build,,4441376333993507923,0,local-cache-kept-existing,1784884700603,1784884700678
@diamondflow/ui,build,,17548080233364336306,0,local-cache-kept-existing,1784884700727,1784884700777
@diamondflow/web,build,,13389883701960280618,0,success,1784884700826,1784884718286
@diamondflow/contracts,build,,4441376333993507923,0,local-cache-kept-existing,1784884732210,1784884732293
@diamondflow/domain,build,,13653547203407394632,0,success,1784884732347,1784884733905
@diamondflow/config,build,,13143731058460364841,0,success,1784884732211,1784884733985
@diamondflow/observability,build,,13488801839145685101,0,success,1784884732211,1784884734995
@diamondflow/database,build,,7478999532259759288,0,success,1784884733906,1784884736218
@diamondflow/events,build,,6189743611891543397,0,success,1784884736221,1784884737810
@diamondflow/authorization,build,,14001990486397657820,0,success,1784884736221,1784884738515
@diamondflow/auth,build,,10931722343809753765,0,success,1784884736221,1784884738696
@diamondflow/queue,build,,4203123964312139677,0,success,1784884737811,1784884740257
@diamondflow/realtime,build,,10549587036253067464,0,success,1784884738698,1784884740560
@diamondflow/api,build,,7976409665086445797,0,success,1784884740561,1784884745541
@diamondflow/contracts,build,,4441376333993507923,0,local-cache-kept-existing,1784884755780,1784884755857
@diamondflow/config,build,,13143731058460364841,0,local-cache-kept-existing,1784884755781,1784884755904
@diamondflow/observability,build,,13488801839145685101,0,local-cache-kept-existing,1784884755781,1784884755952
@diamondflow/domain,build,,13653547203407394632,0,local-cache-kept-existing,1784884756001,1784884756146
@diamondflow/ui,build,,17548080233364336306,0,local-cache-kept-existing,1784884756049,1784884756197
@diamondflow/database,build,,7478999532259759288,0,local-cache-kept-existing,1784884756249,1784884756355
@diamondflow/web,build,,13389883701960280618,0,local-cache-kept-existing,1784884756306,1784884756403
@diamondflow/events,build,,6189743611891543397,0,local-cache-kept-existing,1784884756454,1784884756549
@diamondflow/authorization,build,,14001990486397657820,0,local-cache-kept-existing,1784884756454,1784884756598
@diamondflow/auth,build,,10931722343809753765,0,local-cache-kept-existing,1784884756501,1784884756648
@diamondflow/queue,build,,4203123964312139677,0,local-cache-kept-existing,1784884756705,1784884756863
@diamondflow/realtime,build,,10549587036253067464,0,local-cache-kept-existing,1784884756808,1784884756914
@diamondflow/api,build,,7976409665086445797,0,local-cache-kept-existing,1784884757025,1784884757094
@diamondflow/worker,build,,13039171196862136369,0,success,1784884756966,1784884759156
@diamondflow/testing,build,,6948499514602088348,0,success,1784884756757,1784884759205
@diamondflow/contracts,test,,17631682449155203748,0,success,1784884822075,1784884823095
@diamondflow/domain,test,,12141539494683977618,0,success,1784884822076,1784884823103
@diamondflow/database,test,,7092258311472315515,1,failure,1784884822076,1784884823479
@diamondflow/config,test,,2986375669289174159,0,success,1784884823103,1784884824183
@diamondflow/events,test,,10609584223493241946,0,success,1784884823096,1784884824190
@diamondflow/authorization,test,,3206628579596790966,0,success,1784884823479,1784884824558
@diamondflow/observability,test,,7326767950831504556,0,success,1784884824190,1784884825195
@diamondflow/auth,test,,7697766396395863685,0,success,1784884824184,1784884825203
@diamondflow/queue,test,,17383058263909252492,0,success,1784884824559,1784884825559
@diamondflow/realtime,test,,4115072830414376855,0,success,1784884825195,1784884826201
@diamondflow/ui,test,,16551533391723993756,0,success,1784884825204,1784884826209
@diamondflow/testing,test,,6961768654790911207,0,success,1784884825560,1784884826591
@diamondflow/worker,test,,11322767630046644811,0,success,1784884826201,1784884827214
@diamondflow/api,test,,5495772162690831336,0,success,1784884826210,1784884828477
@diamondflow/web,test,,11715542999412819701,1,failure,1784884826592,1784884828492
@diamondflow/contracts,test,,17631682449155203748,0,local-cache-kept-existing,1784884881320,1784884881353
@diamondflow/domain,test,,12141539494683977618,0,local-cache-kept-existing,1784884881320,1784884881355
@diamondflow/config,test,,2986375669289174159,0,local-cache-kept-existing,1784884881361,1784884881362
@diamondflow/database,test,,3709458020705755286,0,success,1784884881320,1784884882310
@diamondflow/authorization,test,,8114873914529512220,0,success,1784884881363,1784884882342
@diamondflow/observability,test,,7326767950831504556,0,local-cache-kept-existing,1784884882342,1784884882344
@diamondflow/events,test,,4967792273323187509,0,success,1784884881354,1784884882363
@diamondflow/auth,test,,3878879312094745882,0,success,1784884882310,1784884883321
@diamondflow/ui,test,,16551533391723993756,0,local-cache-kept-existing,1784884883321,1784884883322
@diamondflow/queue,test,,3098572444635096493,0,success,1784884882346,1784884883338
@diamondflow/realtime,test,,4751228266349284135,0,success,1784884882364,1784884883362
@diamondflow/worker,test,,10258220530516314957,0,success,1784884883338,1784884884300
@diamondflow/testing,test,,6667031828284582708,0,success,1784884883323,1784884884308
@diamondflow/api,test,,4474174547545604901,0,success,1784884883362,1784884885391
@diamondflow/web,test,,3455263143069063555,0,success,1784884884301,1784884885981
